{
"meta":{"test_sets":[],"test_metrics":[],"learn_metrics":[{"best_value":"Min","name":"Logloss"}],"launch_mode":"Train","parameters":"","iteration_count":29,"learn_sets":["learn"],"name":"experiment"},
"iterations":[
{"learn":[0.4151860501],"iteration":0,"passed_time":0.001636021534,"remaining_time":0.04580860294},
{"learn":[0.2623780433],"iteration":1,"passed_time":0.003927489152,"remaining_time":0.05302110355},
{"learn":[0.1742983067],"iteration":2,"passed_time":0.006269027712,"remaining_time":0.0543315735},
{"learn":[0.1313261681],"iteration":3,"passed_time":0.00779779985,"remaining_time":0.04873624906},
{"learn":[0.09614569076],"iteration":4,"passed_time":0.009228162318,"remaining_time":0.04429517913},
{"learn":[0.07116423262],"iteration":5,"passed_time":0.01071920019,"remaining_time":0.04109026738},
{"learn":[0.05579677541],"iteration":6,"passed_time":0.01236959074,"remaining_time":0.03887585662},
{"learn":[0.04417995696],"iteration":7,"passed_time":0.01402209762,"remaining_time":0.03680800624},
{"learn":[0.03587715676],"iteration":8,"passed_time":0.01593463859,"remaining_time":0.03541030798},
{"learn":[0.02957123645],"iteration":9,"passed_time":0.01816000656,"remaining_time":0.03450401247},
{"learn":[0.02530535231],"iteration":10,"passed_time":0.02063775981,"remaining_time":0.03377087969},
{"learn":[0.02225000808],"iteration":11,"passed_time":0.02262089533,"remaining_time":0.03204626838},
{"learn":[0.01968931518],"iteration":12,"passed_time":0.02436103627,"remaining_time":0.02998281387},
{"learn":[0.0176637997],"iteration":13,"passed_time":0.02676565346,"remaining_time":0.02867748585},
{"learn":[0.01572129067],"iteration":14,"passed_time":0.02841650387,"remaining_time":0.02652207028},
{"learn":[0.01428804119],"iteration":15,"passed_time":0.03045003869,"remaining_time":0.02474065644},
{"learn":[0.0133071174],"iteration":16,"passed_time":0.03322841518,"remaining_time":0.02345535189},
{"learn":[0.01228175899],"iteration":17,"passed_time":0.03521670447,"remaining_time":0.0215213194},
{"learn":[0.01144031007],"iteration":18,"passed_time":0.0370849875,"remaining_time":0.01951841447},
{"learn":[0.01052923469],"iteration":19,"passed_time":0.03936477303,"remaining_time":0.01771414786},
{"learn":[0.009719535391],"iteration":20,"passed_time":0.0410290188,"remaining_time":0.0156301024},
{"learn":[0.009259411629],"iteration":21,"passed_time":0.04247455209,"remaining_time":0.01351463021},
{"learn":[0.008533193076],"iteration":22,"passed_time":0.0441579269,"remaining_time":0.01151945919},
{"learn":[0.00814648892],"iteration":23,"passed_time":0.04555901965,"remaining_time":0.009491462428},
{"learn":[0.007578890374],"iteration":24,"passed_time":0.0471044054,"remaining_time":0.007536704865},
{"learn":[0.007018566132],"iteration":25,"passed_time":0.04830638314,"remaining_time":0.005573813439},
{"learn":[0.006659032182],"iteration":26,"passed_time":0.05084739545,"remaining_time":0.003766473737},
{"learn":[0.00627345354],"iteration":27,"passed_time":0.05387450234,"remaining_time":0.001924089369},
{"learn":[0.005919654953],"iteration":28,"passed_time":0.05589330762,"remaining_time":0}
]}